project_id|project_name|sector|constituency|funding_source|funding_amount_zmw|status|date_reported|description|source_url
ZTC-001|Development Fund – CDF to all the schools in Mapatizya Constituency|education|Mapatizya|CDF|||2023-11-02|Government through Zimba Town Council has launched the distribution of 2, 620 desks procured under the 2022 and part of the 2023 allocation of the Constituency Development Fund – CDF to all the schools in Mapatizya Constituency.|https://www.zimbacouncil.gov.zm/?p=911
ZTC-002|development and economic growth|education|Mapatizya|CDF|||2023-11-02|The Council Chairperson emphasized that the giving out of CDF loans and grants to the citizens is a new dawn Government’s vision to create an enabling business environment for entrepreneurship, skills development and economic growth.|https://www.zimbacouncil.gov.zm/?p=911
ZTC-003|procurement of desks is a combination of 2022 and 2023 funding|education|Mapatizya|CDF|||2023-11-02|The empowerment of grants and loans was derived from the 2023 allocation of CDF, while the procurement of desks is a combination of 2022 and 2023 funding.|https://www.zimbacouncil.gov.zm/?p=911
ZTC-004|construction of classroom blocks under the Constituency Development Fund-CDF|education|Mapatizya|CDF|||2023-11-21|He further spelt out the government’s commitment to protecting children’s rights through the implementation of various policies such as the introduction of free education, distribution of desks and the construction of classroom blocks under the Constituency Development Fund-CDF.|https://www.zimbacouncil.gov.zm/?p=963
ZTC-005|installation of boreholes, bathing shelters for girl-children and VIP Toilets in Zimba District|water_sanitation|Mapatizya||||2023-11-21|Environment Africa Zambia has dedicated today’s commemoration of International Day of Children’s in launching the installation of boreholes, bathing shelters for girl-children and VIP Toilets in Zimba District.|https://www.zimbacouncil.gov.zm/?p=963
ZTC-006|Construction of 1×3 Classroom block at Nkungwa Primary School in Kanyanga Ward|education|Kanyanga|CDF|||2023-11-27|2. Construction of 1×3 Classroom block at Nkungwa Primary School in Kanyanga Ward.|https://www.zimbacouncil.gov.zm/?p=982
ZTC-007|Construction of 1×3 classroom blocks at Muziya Primary School in Mangonda ward|education|Mangonda|CDF|||2023-11-27|1. Construction of 1×3 classroom blocks at Muziya Primary School in Mangonda ward.|https://www.zimbacouncil.gov.zm/?p=982
ZTC-008|Construction of Clinics in Mulamfwu and Mbwiko wards|health|Mapatizya|CDF|||2023-11-27|3. Construction of Clinics in Mulamfwu and Mbwiko wards.|https://www.zimbacouncil.gov.zm/?p=982
ZTC-009|Construction of a 1×3 Classroom block at Cikuyu Primary School in Chalimongela ward|education|Chalimongela|CDF|||2023-11-27|4. Construction of a 1×3 Classroom block at Cikuyu Primary School in Chalimongela ward.|https://www.zimbacouncil.gov.zm/?p=982
ZTC-010|GOVERNMENT ORIENTS MAPATIZYA COUNCILORS ON DECENTRALIZATION & PROCUREMENT PROCESSES.|other|Mapatizya|CDF|||2024-04-23|GOVERNMENT ORIENTS MAPATIZYA COUNCILORS ON DECENTRALIZATION & PROCUREMENT PROCESSES. Government through Zimba Town Council has successfully conducted orientation training for all the 12 ward councilors in Mapatizya constituency with an objective of equipping them with knowledge on the implementation of the decentralization policy.|https://www.zimbacouncil.gov.zm/?p=1467
ZTC-011|Development Committee for facilitating the allocation of funds to resolve the situation at the secondary school|water_sanitation|Mapatizya||||2024-05-07|Mr. Mulamfwu commended the Mapatizya Constituency Development Committee for facilitating the allocation of funds to resolve the situation at the secondary school.|https://www.zimbacouncil.gov.zm/?p=1479
ZTC-012|Development Fund (CDF) to address sanitation challenges at the school and create a healthy learning environment for students|water_sanitation||CDF|||2024-05-07|The project has been financed through the 5% disaster component of the Constituency Development Fund (CDF) to address sanitation challenges at the school and create a healthy learning environment for students.|https://www.zimbacouncil.gov.zm/?p=1479
ZTC-013|HEALTH MINISTER IMPRESSED WITH IMPLEMENTATION OF PRESIDENTIAL DIRECTIVE ON HEALTH CARES SERVICES IN ZIMBA DISTRICT|water_sanitation|Mapatizya|CDF|||2024-09-03|HEALTH MINISTER IMPRESSED WITH IMPLEMENTATION OF PRESIDENTIAL DIRECTIVE ON HEALTH CARES SERVICES IN ZIMBA DISTRICT The Minister of Health Dr. Elijah Muchima, yesterday led a high powered delegation of senior government officers from the Ministry in conducting a familiarization tour of Zimba mission Hospital and Nursing school.|https://www.zimbacouncil.gov.zm/?p=1518
ZTC-014|GOVERNMENT DISBURSES OVER K1 MILLION 2024 CDF LOANS IN MAPATIZYA CONSTITUENCY|other|Simwatachela|CDF|1746232.59||2024-09-24|G overnment through Zimba Town Council has disbursed a total of K1,746,232.59 as loans allocated under the 2024 Constituency Development Fund (CDF) empowerment component to 31 benefitiaries drawn from across Mapatizya Constituency. The Zimba Council Chairperson Madam Loveness Chigora graced the ceremony that also included an intensive training of benefitiaries in financial management on Wednesday this week.|https://www.zimbacouncil.gov.zm/?p=1689
ZTC-015|GOVERNMENT DRILLS FIVE CLIMATE RESILIENCE BOREHOLES IN MAPATIZYA CONSTITUENCY|water_sanitation|Mapatizya|CDF|||2024-12-18|The Government through Zimba Town Council has intensified the drilling and equipping of climate resilient industrial boreholes funded under the 2024 constituency development fund in Mapatizya Constituency.|https://www.zimbacouncil.gov.zm/?p=2071
ZTC-016|Development Planning has been allocated K1|health|||||2024-12-20|Further, Local Governance program has received an allocation of K1.6 million, while K153,517 will be channeled towards the community engagements, the Integrated Development Planning has been allocated K1.6 million, Economic and Business Development has received an allocation of K498,222, Public Health and Environment protection will be funded a sum of K430,639.|https://www.zimbacouncil.gov.zm/?p=2083
ZTC-017|construction of infrastructures and grading of roads in Mapatizya Constituency 6|education|Mapatizya|CDF|||2024-12-20|The budget outlines how K 21.9 million will be channeled towards CDF Community Projects such as construction of infrastructures and grading of roads in Mapatizya Constituency 6.2 million Youth and Women Empowerment, another K 6.2 million has been allocated to both Secondary boarding School and Skills development bursaries in order to enhance quality education and reduce illiteracy levels within the district.|https://www.zimbacouncil.gov.zm/?p=2083
ZTC-018|GOVERNMENT TRAINS LOCAL AUTHORITIES IN WEBSITE AND CDF DASHBOARD CONTENT MANAGEMENT|other||CDF|||2024-12-20|Government through the Ministry of Local Government and Rural has invited 20 Local Authorities for Training on website and CDF Dashboard content management . Zimba Town Council is among the local authorities undergoing intensive training.|https://www.zimbacouncil.gov.zm/?p=2304
ZTC-019|MAPATIZYA MP COMMISSIONS CDF CONSTRUCTED 1×3 CLASSROOM BLOCKS IN MANGONDA AND KANYANGA WARD|education|Mangonda|CDF||completed|2025-05-03|MAPATIZYA MP COMMISSIONS CDF CONSTRUCTED 1×3 CLASSROOM BLOCKS IN MANGONDA AND KANYANGA WARD Mapatizya Member of Parliament Emelda Munashabantu Nkhata, tofficially hands over completed Classroom blocks project funded under the Constituency Development Fund (CDF) to the Muzya and Nkungwa communities. The projects are part of the government’s ongoing commitment to improving infrastructure and enhancing service delivery at the grassroots level using the fund.|https://www.zimbacouncil.gov.zm/?p=2477
ZTC-020|MULAMFWU WALKS TALL WITH CLIMATE CHANGE FIGHT USING CDF|water_sanitation|Mapatizya|CDF|||2025-05-03|MULAMFWU WALKS TALL WITH CLIMATE CHANGE FIGHT USING CDF We are proud to announce the successful commissioning of 20 climate-resilient water pumps in Mulamfwu Ward, an initiative aimed at enhancing resilience against climate in our communities. The Member of Parliament for Mapatizya Constituency, Hon.|https://www.zimbacouncil.gov.zm/?p=2490
ZTC-021|ZIMBA TOWN COUNCIL HOLDS FULL COUNCIL MEETING|water_sanitation|Mapatizya|CDF||completed|2025-11-23|ZIMBA TOWN COUNCIL HOLDS FULL COUNCIL MEETING Zimba, October 30, 2025 — Zimba Town Council today held its Full Council Meeting in the Council Chamber to deliberate on key developmental programmes and Government policy initiatives aimed at fostering sustainable growth and enhancing service delivery across the district. The meeting commenced with a moment of silence in honour of the late Mr.|https://www.zimbacouncil.gov.zm/?p=3092
ZTC-022|ZIMBA COUNCIL LAUNCHES A PLANT FIVE FRUIT TREES INITIATIVE AT HOUSEHOLD LEVEL|agriculture|Simwatachela|CDF|||2025-11-25|The Department of Agriculture services at Zimba Town Council has rolled out an ambitious “Plant a Minimum of Five Fruit Trees” initiative aimed at strengthening food, nutrition, and income security while promoting a greener environment. The programme was officially launched by the District Commissioner (DC)Mr.Robinson Mulamfu who was represented by the District Agriculture Officer (DAO) Mr.Lishomwa Mwendabai.|https://www.zimbacouncil.gov.zm/?p=3152
ZTC-023|SIX LOCAL COMPANIES WIN CONTRACTS FOR 2025 COMMUNITY CDF PROJECTS.|education|Siamafumba|CDF|||2025-11-25|SIX LOCAL COMPANIES WIN CONTRACTS FOR 2025 COMMUNITY CDF PROJECTS. Zimba Town Council yesterday held a signing ceremony for the 2025 Constituency Development Fund (CDF) projects, marking yet another milestone in the Government’s commitment to improving social infrastructure and uplifting local communities.|https://www.zimbacouncil.gov.zm/?p=3193
ZTC-024|Development Fund (CDF) is proving to be a visible transformation tool in uplifting communities|infrastructure|Mapatizya|CDF|||2025-11-25|Speaking during an inspection of works on Muzya and Ackson Sejani Roads, Hon. Nkhata said the Constituency Development Fund (CDF) is proving to be a visible transformation tool in uplifting communities.She expressed gratitude to the people of Mapatizya for encouraging leadership to procure key machinery such as a grader, compactor, tipper truck and TLB, which have eased the process of road rehabilitation.|https://www.zimbacouncil.gov.zm/?p=3205
ZTC-025|construction of Muzya Road is part of the K3|education|Mapatizya|CDF|3200000||2025-11-25|The construction of Muzya Road is part of the K3.2 million allocated under the 2025 CDF programme. Before moving to Muzya Road, engineers had commenced works on township roads within the Central Business District.|https://www.zimbacouncil.gov.zm/?p=3205
ZTC-026|rehabilitation works in the constituency as a success, commending the government for allocating funds towards the improvement of feeder roads|infrastructure|Mapatizya|CDF||ongoing|2025-11-25|Mapatizya Member of Parliament, Emeldah Munashabantu Nkhata, has described the ongoing road rehabilitation works in the constituency as a success, commending the government for allocating funds towards the improvement of feeder roads.|https://www.zimbacouncil.gov.zm/?p=3205
ZTC-027|ZIMBA’S TREASURE COMPOUND SET TO BENEFIT FROM K800,000 CDF WATER PROJECT|water_sanitation|Mapatizya|CDF||planned|2025-12-24|ZIMBA’S TREASURE COMPOUND SET TO BENEFIT FROM K800,000 CDF WATER PROJECT Southern Water and Sanitation Company in Zimba district has been funded through constituency Development Fund to implement a long-awaited water supply project in Treasure Compound, an area that has experienced chronic water shortages for decades. Mapatizya Member of Parliament, Hon.|https://www.zimbacouncil.gov.zm/?p=3777
ZTC-028|CDF BRINGS JOY TO KAMUKKEZA VILLAGE AS 60 YEARS WITHOUT A HEALTH FACILITY COMES TO AN END.|health|Mulamfu|CDF|2099616.03|completed|2025-12-24|CDF BRINGS JOY TO KAMUKKEZA VILLAGE AS 60 YEARS WITHOUT A HEALTH FACILITY COMES TO AN END. The Government has officially handed over a maternity annex in Kamukkeza Village, bringing relief to residents who for many years were forced to walk over 20 kilometres to access maternal health services.|https://www.zimbacouncil.gov.zm/?p=3782
ZTC-029|NAKOWA MATERNITY ANNEX COMMISSIONED AND HANDED OVER TO THE COMMUNITY.|water_sanitation|Zimba|CDF||completed|2025-12-24|NAKOWA MATERNITY ANNEX COMMISSIONED AND HANDED OVER TO THE COMMUNITY. Nakowa residential area in Zimba Ward has received a major boost in maternal healthcare following the commissioning of the Nakowa Maternity Annex by Mapatizya Member of Parliament, Hon.|https://www.zimbacouncil.gov.zm/?p=3792
ZTC-030|PRESIDENT HICHILEMA HIGHLIGHTS GOVERNMENT COMMITMENT TO UNITY, EDUCATION AND DEVELOPMENT IN 2026.|water_sanitation|Mulamfu|CDF|||2026-01-12|PRESIDENT HICHILEMA HIGHLIGHTS GOVERNMENT COMMITMENT TO UNITY, EDUCATION AND DEVELOPMENT IN 2026. President Hakainde Hichilema has reaffirmed his commitment to serving the people of Zambia, stating that he intentionally chose public service because of his love for the Zambian people.|https://www.zimbacouncil.gov.zm/?p=4051
ZTC-031|Once commissioned, the Mulamfu Maternity Annex is expected to significantly reduce pressure on nearby health facilities, particularly Kabanga Rural Health Centre in...|health|Simwatachela|||completed|2026-01-13|Once commissioned, the Mulamfu Maternity Annex is expected to significantly reduce pressure on nearby health facilities, particularly Kabanga Rural Health Centre in Simwatachela Ward and Chidi Rural Health Centre in Chidi Ward, both of which are located approximately 15 kilometres away.|https://www.zimbacouncil.gov.zm/?p=4055
ZTC-032|completion of key remedial works aimed at making the facility fully operational|water_sanitation|Mulamfu|CDF||ongoing|2026-01-13|The Mulamfu Rural Health Post maternity annex, staff houses and water reticulation system are nearing commissioning following the successful completion of key remedial works aimed at making the facility fully operational. This week, Council Secretary Mr.|https://www.zimbacouncil.gov.zm/?p=4055
ZTC-033|completion of plumbing installations and connection of pipes to fully operationalise the water reticulation system within the maternity annex|water_sanitation|Mulamfu||||2026-01-13|The remedial works include the completion of plumbing installations and connection of pipes to fully operationalise the water reticulation system within the maternity annex. In addition, new solar batteries have been procured and installed to enhance solar-powered lighting, ensuring reliable energy supply for the facility.|https://www.zimbacouncil.gov.zm/?p=4055
ZTC-034|completion of the facility will greatly improve access to maternal and general health services for residents of Mulamfu Ward and surrounding areas|health|Mulamfu||||2026-01-13|The long distance has previously posed serious challenges for expectant mothers and patients seeking medical services. The completion of the facility will greatly improve access to maternal and general health services for residents of Mulamfu Ward and surrounding areas.|https://www.zimbacouncil.gov.zm/?p=4055
ZTC-035|ZIMBA TOWN COUNCIL UNVEILS 2026 OUTPUT-BASED BUDGET ESTIMATES.|health||CDF||planned|2026-01-14|ZIMBA TOWN COUNCIL UNVEILS 2026 OUTPUT-BASED BUDGET ESTIMATES. Zimba Town Council held its ordinary council meeting on 30th December 2025, during which a number of key governance and development issues were discussed, including the financial outlook for the coming year.|https://www.zimbacouncil.gov.zm/?p=4089
ZTC-036|CONTRACTORS VISIT THE PROPOSED CDF SOLAR PLANT SITE IN ZIMBA DISTRICT.|other||CDF||planned|2026-01-30|CONTRACTORS VISIT THE PROPOSED CDF SOLAR PLANT SITE IN ZIMBA DISTRICT. A site visitation exercise for contractors expected to bid for the Presidential Initiatives Solar Plant to be funded using the 2026 Constituency Development Fund in Zimba District has successfully been conducted.|https://www.zimbacouncil.gov.zm/?p=4100
ZTC-037|GOVERNMENT APPROVES ELEVEN 2026 CDF PROJECTS FOR MAPATIZYA CONSTITUENCY.|water_sanitation|Chuundwe|CDF||planned|2026-02-26|GOVERNMENT APPROVES ELEVEN 2026 CDF PROJECTS FOR MAPATIZYA CONSTITUENCY. The Government has approved eleven (11) Constituency Development funded Community Projects to be implemented in Mapatizya Constituency during the 2026 period, aimed at improving access to education and health services across the constituency.|https://www.zimbacouncil.gov.zm/?p=4132
ZTC-038|ZIMBA TOWN COUNCIL MONITORS CDF-SUPPORTED WATER PUMPS IN MULAMFU WARD|water_sanitation|Mulamfu|CDF|||2026-03-13|ZIMBA TOWN COUNCIL MONITORS CDF-SUPPORTED WATER PUMPS IN MULAMFU WARD Zimba Town Council, through the Department of Planning, this week took time to appreciate and monitor the works being done using the water pumps that the Government, through the Constituency Development Fund (CDF), distributed to beneficiaries in Mulamfu Ward last year. A total of 20 water pumps were provided to help mitigate the effects of climate change by promoting winter farming.|https://www.zimbacouncil.gov.zm/?p=4151
ZTC-039|ZIMBA COUNCIL URGES CONTRACTORS TO ADHERE TO PROJECT TIMELINES|health||CDF||completed|2026-03-26|ZIMBA COUNCIL URGES CONTRACTORS TO ADHERE TO PROJECT TIMELINES Zimba Council Secretary, Mr. Lubinda Mwala, has urged local contractors to strictly adhere to contracted project timelines, stating that the local authority will not entertain requests for extensions where funds have been fully disbursed and projects can be completed on time.|https://www.zimbacouncil.gov.zm/?p=4170
ZTC-040|ZIMBA COUNCIL CHAIRPERSON HIGHLIGHTS STRONG PERFORMANCE IN THE IMPLEMENTATION OF GOVERNMENT PROGRAMS.|education||CDF|||2026-03-26|ZIMBA COUNCIL CHAIRPERSON HIGHLIGHTS STRONG PERFORMANCE IN THE IMPLEMENTATION OF GOVERNMENT PROGRAMS. Zimba Town Council Chairperson, Madam Loveness Chigora, says the local authority has recorded notable success in the implementation of government programmes, attributing this to unity and strong working relationships between elected officials and management.|https://www.zimbacouncil.gov.zm/?p=4173
ZTC-041|THE CONSTRUCTION OF MARTENITY AT MAPATIZYA CLINIC IS A MILESTONE TO IMPROVED MARTERNAL HEALTH CARE-DR.MILIMO|health|Mapatizya|CDF|||2026-04-01|THE CONSTRUCTION OF MARTENITY AT MAPATIZYA CLINIC IS A MILESTONE TO IMPROVED MARTERNAL HEALTH CARE-DR.MILIMO Zimba Town Council Director of Health Services, Dr. Milimo Kayawa, has described the construction of a maternity annex under the Constituency Development Fund (CDF) and a mothers’ shelter by Non-Governmental Organisation On-Call Africa in Mapatizya as a significant milestone in improving maternal healthcare.|https://www.zimbacouncil.gov.zm/?p=4180
ZTC-042|MAPATIZYA LAWMAKER HANDS OVER TWO KEY CDF PROJECTS TO THE COMMUNITY OF MANGONDA & ZIMBA WARDS.|water_sanitation|Mangonda|CDF||completed|2026-04-27|MAPATIZYA LAWMAKER HANDS OVER TWO KEY CDF PROJECTS TO THE COMMUNITY OF MANGONDA & ZIMBA WARDS. The Member of Parliament for Mapatizya Constituency, Emeldah Munashabantu, has commissioned key Constituency Development Fund (CDF) projects aimed at improving education, sanitation, and healthcare services in Zimba District.|https://www.zimbacouncil.gov.zm/?p=4201
